Rate,BossDelay
94.73767016269979,315.3936508878123
76.69259298702194,82.220669933974
69.21264349076702,59.90251472986149
51.86989787510667,44.92439450437693
59.2187287057229,47.72276802562963
90.61935810712515,217.4508764211773
56.69402161303611,54.41364537815914
96.58083996239202,599.3113979774419
79.47576553998668,113.69582835342248
56.463516397421174,49.117597001510795
66.2745039902862,54.13098968965696
80.44499565466185,118.97518457205749
68.41433913709963,60.24355234784956
52.24859787753231,40.1072501764481
96.06806342188139,435.47822925712364
57.85911608031108,39.34915727909267
76.5765394040906,98.64197834730636
66.2346760643148,63.42275296190992
84.46253585060614,150.24666257680883
97.5144049132879,962.9511318827002
92.26991575155458,243.78554913479974
97.47826355693164,677.2324981169423
97.62951621180137,797.3134954064482
79.871912476778,117.82666987330545
59.03857424675781,48.878873999189274
55.46644508628638,42.920961312252665
93.66684735614386,288.2077110366894
75.90456230566579,93.35612667678636
93.33384962153768,276.88744864887144
67.0674221219369,69.69465077327604
88.71688649329433,142.62512593048
95.75879388642375,474.8540866904071
95.96756266034507,569.0626987608762
78.64608005054615,78.98715013775842
74.66596623852662,71.83504145027985
84.83521553945297,144.41127538041118
63.01695131520644,48.35709259138798
79.58288509834722,95.38336958886264
93.7630674347747,347.4424612393729
73.30316290467118,85.29444319232088
72.97543516270217,60.36130934814867
82.53747033362112,96.71310569439385
63.260633165179016,50.82658483153019
78.94246397197229,85.83473369638985
56.38802921988886,43.73567890451038
84.76345374512235,140.2272803949008
56.801664086110314,51.91457695557229
97.7849785421805,938.7791608706326
78.63558095986546,88.06383554651246
54.99089408646674,36.064630089101534
68.74787007858647,58.05615707371257
59.69681812586474,46.18634657681185
87.66993691352133,187.2436472248718
94.68035482596189,421.9351803886913
56.65848010977827,45.29540141425292
93.36455644129529,306.90706553453117
70.08066165267252,75.37905236532336
57.03299554054263,49.27477975650417
84.09700224522119,134.71303212572107
56.24299866249223,54.599504532552764
90.57885916222807,227.36135730168553
79.53797794189128,103.14843970635168
73.33890773988334,72.09363721222363
87.97218614597514,184.86252826128415
88.49469953744362,145.518210532608
54.680213532588276,38.306832525867016
85.86855127932157,139.889610907176
69.39537408424592,56.03645285036195
98.83188450363029,2048.245654901747
94.24679480865139,317.67578620264317
91.35412265873248,187.45936541519077
50.62287633811723,35.523633736646524
67.66157520684321,72.18108567046558
53.06871429667245,43.90467222720704
96.53037627498989,481.5032116383924
59.79611217187024,50.41825231510999
67.0513538426904,71.34887576909486
56.91420423195858,49.59835731426255
93.52006422449355,333.5133349451456
55.72477305411042,47.71126185488984
58.89069086134078,49.54553504195041
91.41882912316355,236.8264267336358
72.26786918607301,67.94974682325514
72.81363542284736,76.30712197403577
81.03219192222164,118.12516166740829
79.4240851939112,87.93899615991434
50.57308908785612,35.372601296652235
94.09334188479363,392.6497501101344
61.06600476494259,57.12053877981778
52.6958398117778,45.97676923147917
54.898010116357696,50.519015720275334
53.01587087948013,36.0812798915661
88.59770381982537,157.71613129456892
88.82974218881455,151.39386131103439
90.60156507385399,244.85269683536978
90.51787825970902,177.56651587317626
71.79662868330587,67.79101898447472
96.45203239576179,556.7320125177631
92.9697953431281,290.53280462738553
63.00202167503718,49.850894687756266
72.39546552811072,65.72767293996966
58.23435216813155,38.66375280655066
65.93267090672722,66.63622752587375
80.82563004725043,103.08849651010213
65.47885682255782,56.932850485585384
50.3404138610287,45.99130866561706
61.213324689728246,52.22327312233592
76.06931061322837,96.89294552900417
64.44584482678589,66.29965742461867
88.12514681078754,181.07150845113787
59.72962110266619,55.98433435122248
51.35395614074672,33.437013089774844
73.4452146526126,74.12903922941001
92.42319350045881,307.3162146987278
68.31662682824175,65.2674844541781
60.086972106227485,57.24432132456338
71.97771582474006,70.44320359251078
78.57878272100226,99.66638268639022
66.28153063527087,67.31498644538915
97.81849750317228,926.3153061688411
62.368636485152884,53.61682688697383
62.82454636678953,51.04606446790381
95.67744291469225,545.6776376138972
56.90674178953079,52.983118282873704
89.20208729895064,205.04510556534368
62.164085163359296,53.30751242631193
72.70412057230882,79.32465511083807
80.17745478238511,120.04147769802756
83.31238537185013,120.63222493827733
67.65916121701592,56.110442297973485
78.53642684252458,82.9315122579847
74.13728670268863,70.70170751837335
56.15476770575846,40.623095015687234
84.10847188026388,106.80578284298404
70.41130478319819,64.66191308817758
63.48166616053229,54.96099856178057
79.12977238058826,84.6668190616191
65.35700235887238,64.1932655324789
86.6130773172366,157.27147830355136
93.96612836394466,352.15115368029836
94.87972845949089,374.2807333382592
59.80286254607865,54.26063748128951
80.2538638570005,110.33734292790277
53.44494130748514,43.36989536925687
56.38068975381082,48.74848052404396
76.96581815143936,86.20671352379476
92.98781870019792,333.3884118915633
57.087585118400995,42.34310947629757
92.1693164438251,264.04090140530803
74.55600135370454,68.29114459824682
60.17651535973888,53.18330319746865
70.95683741227909,55.212612664612244
86.75291406138666,134.11996431855175
72.94189340098791,77.28147796821034
87.14136554760866,138.69334898421153
54.45659136347353,36.34723021844456
96.0801488545847,458.8288054065204
59.312241588935755,42.99057628732722
73.65739549676894,85.44583294018732
94.72815127729068,353.68824192443225
87.70333964330128,139.51771182168392
92.91178084092829,231.46735388384016
67.00447430676311,52.104262980991884
56.47533202340552,53.62755114237137
78.70609239309317,107.00515684459839
69.44588000396436,76.06350989848009
73.10226421715768,78.99552544479077
98.71183164094788,1526.5561237624045
86.15412683343841,128.67884656759625
59.26269871812483,51.421419215452346
62.130131801181406,58.41731101762112
63.530268910136755,56.759539354204854
80.55475966489325,120.8512889641653
63.45354856744253,44.05687032706828
54.01299974697561,41.2047986551091
58.58825441511759,55.11222772151333
63.25997011144523,44.474586358150674
90.07190969217034,193.30274190818346
69.19381209475813,52.069425856314005
98.70176006296388,1765.0115491010026
97.29588805236529,825.8750625545671
73.63629509152845,71.65983044045494
90.75735381270128,239.34893111221302
82.81725092798466,95.85595797567954
51.584653545759416,42.95466393856369
94.0278011220913,282.00712505369506
97.07749278320688,758.045292625762
80.01501205364214,108.89445825976509
77.74659389072647,81.35604379515132
63.85271957736759,60.057270134512194
96.07275822553264,424.4769419847745
58.31028672198501,54.53328502481506
54.25647602836291,48.68905212374694
75.49684183711338,77.31355503481237
91.80675128232586,195.56621822863266
54.450547986358245,48.95476385136142
82.91083324429427,115.08361297888331
55.77985130306904,37.57185569661231
85.24266236406199,136.25553847782422
81.50662060489415,96.60912244130246
95.09275750392636,416.50617631512745
57.00134489736042,50.9783485271655
94.95112317431142,468.4801587570403
87.63904948126662,159.64423292563976
74.99260974681954,66.28298966821939
53.09051647511262,44.26385175342206
93.4779043220875,291.00677392746087
84.00566666764081,100.84870699086036
58.92196939436809,53.84486558779329
96.56126045874245,468.48476429640635
61.55371548093351,42.25168162366443
88.7761156232141,155.24706221367197
98.91693693612491,2078.431828118057
81.94300219754072,97.67241641864193
72.50409107236942,81.78488331314823
63.35362870059984,49.227297906989676
96.40432385961833,545.0185855215494
53.83835647750317,42.99977722658543
96.75653981028663,556.9764692845744
66.38297655607049,54.19429379289864
80.10043503349308,91.4500248875088
84.62772988770708,141.12429043539183
66.25281684545621,53.64731278532067
70.68725647862686,81.21996614211396
97.20547981062478,615.2262597612885
53.68449371279679,38.96783216183078
63.33132381538527,64.77443708625383
76.76818102765314,91.19487583009551
71.03465156277292,79.33897822277112
72.6268135115226,60.56485444274731
59.19768201935647,41.90328603194304
67.49655995008128,60.37735142391596
98.87539324292307,2102.4816794842554
67.65377663676925,66.21613293839833
78.74644470275267,95.04233197483688
96.9358680199777,531.7366721249894
66.77870223366052,61.21514011448349
68.68212913560322,53.47146594194672
66.906610082585,69.5285346717483
95.36994505839154,474.49540442981555
87.27434410480606,140.36143254758858
89.42899338021542,215.78940898713168
61.267406070019106,57.85344668416819
74.71016367325632,83.31587586947074
65.25110719436002,62.77701595894206
79.93354291291939,95.69401917146644
64.1262307362441,55.078744655563746
95.42261200629906,480.04931462633215
97.90058272831239,952.3093069330843
89.29127419225405,202.66863250316473
60.22009908891024,58.352717700739156
96.467413627349,473.2075412052811
66.64427190232824,68.89706472424182
75.92271979941422,80.16687862577672
82.76225861365153,138.30057814755855
80.46471419936134,111.36988457626484
59.64123527700435,54.99224869482725
81.6616111572533,112.33804985690674
56.49639534667177,45.904960153578315
73.49854257712376,68.8547246200287
57.82479087018994,43.614833440980604
70.86202627605954,77.58406358403225
55.21979739917953,41.028077986752464
54.73783765219677,50.77761179317635
68.15837812093969,69.2324651640987
60.56002627106004,47.513349112460986
86.28608577408406,127.21113910073471
70.96600323239788,74.7939232515577
50.666347997194606,38.462658893263715
91.7240876815444,286.15632694623343
81.2284571494522,112.89583467147459
61.92079681304431,50.90496724492401
93.06164576659327,259.32057199210794
73.05704067314413,76.8687563512142
67.54341481365192,60.63412984915342
84.61402360332926,149.0655200554439
98.08824418791352,1208.2146202140743
86.05202677659858,155.40111924183935
62.24953693233402,51.19431001337084
63.00559558483325,53.38317576452394
57.285599499064524,48.56911247329332
87.01143648187272,161.71154571252538
88.26804885392201,192.35556964479625
98.30376110668124,1097.7183446236309
52.28827437247706,40.66337577724058
57.02751284367991,40.22672801921891
98.75442898070553,1475.808522298287
88.55854240508432,186.29555279962833
63.775224628391214,47.24166910343266
54.5740567973733,38.70675322302146
58.49036327973853,40.55999693836996
84.41946954746155,143.98407190941128
51.262631049948105,40.772796182945804
59.4412930414666,42.31988603026289
88.28663110815815,141.18010410139325
71.10168802042186,56.35261352728817
72.16716419154143,84.69385742709717
84.41673691770694,103.71914313045119
82.88029793474125,122.23426996227636
93.5962718390636,329.87681710378365
62.77356725321695,50.13290029783394
95.48295046333403,436.23698399223946
88.95985074183208,200.00948308420445
52.13929769451682,34.67036848034819
78.86791765988652,91.38051231791425
72.12418067026181,72.16364611130618
82.90834434046242,115.78464562461232
88.13479190678594,147.83585718551274
60.03403916228246,58.42311680989044
54.615587242787925,45.542086724008996
71.9661450747629,59.72632040453009
72.40874458338567,64.3157321842002
67.94478322344936,62.62190979131874
62.23447887944245,52.423034188312634
68.84996080772976,62.612572681945814
63.83970068698906,64.80927907389228
85.29320030151692,128.153738579375
51.5292548864136,37.90641531280403
61.200547949113016,58.96961928269514
88.02842124719206,149.04186337848952
85.13919559432156,154.54567929964688
85.90057542881333,139.13963966201757
51.7836476585352,33.87813319045134
71.20430408806497,72.1274731617898
56.50862926627176,42.989031202638536
68.96832347138482,77.3086952098753
92.00972279373137,256.70739232933755
71.18096871116182,66.91963300673763
83.59665817534938,102.89570328202858
82.14808036423418,116.6838788959806
81.16022647032801,119.39693121308711
96.93034236688204,779.883130519557
87.17188051053432,166.46387912840544
74.98707517235975,78.38173369531539
70.8713604297359,62.162090313189395
91.95471803930275,226.1096961824262
64.2445089821117,66.3922555082334
87.15614875545776,139.80329680439738
57.3052547400287,49.31079024976586
50.671516612655076,48.52843815033771
63.775496867197525,47.299730167819426
62.70330363976133,56.62968354265928
71.1622608974803,55.90641476587496
96.8586420172406,629.8846583976151
52.34861035280009,39.139761463191824
78.61434672863406,101.43379055181954
84.82307936700117,135.86765381852157
61.0221648311701,48.956879771355744
87.10684244016032,166.401349397816
52.95631984122291,43.69899925350527
59.76794198267407,49.07389932985572
93.76753545802256,274.99808641069905
54.052387889922294,38.88518193569631
92.94498511532363,307.89666945561606
79.00511094433335,88.97376814551288
83.2985522528398,115.11705444427646
91.67245914800111,233.57993349301228
83.75814028350594,99.37970224046853
55.48755540997856,44.47141629710133
61.94510302058715,52.057562067854434
81.93293514298401,102.2921880135965
67.40520128889675,53.69199428708676
73.13644768215632,76.47362939201646
55.47814372743392,39.88468126498793
88.93408511462366,155.17381577421892
66.04189373853694,52.05577367927188
98.1308725220356,1192.9461413141678
89.07190120116712,191.12562077253958
56.81550473538006,41.22699886649497
72.74390644092512,65.24708349975387
85.32882298391347,126.70260681335111
77.80698425556662,76.77561019793842
62.09761035817607,55.016642078293316
97.03378213770108,776.1218584311815
70.3310407204349,55.07046233009036
61.07591986341928,46.69256823950419
71.76336688578958,84.9745302912155
91.89414350088715,270.1642695485232
57.17082245980627,50.994389896773534
68.58604013397432,55.888265960608045
92.8649897904459,308.1717113615984
74.47274864076317,82.73504528914917
51.69207857893331,43.177677569285116
89.86750696748152,162.93475511322143
80.6428502692675,96.8917635926055
89.22353563773746,196.98293367081303
88.11228998023863,161.59362122289244
90.20769233701998,243.97782179074218
85.17069004614093,144.98756279786886
63.258494102122555,51.11834157631365
89.85588085798277,174.3626280009453
94.73545501166004,409.32231556216976
97.34642750191702,841.0578225779517
50.591202240958125,39.32414380775884
68.84240697423934,65.90742374942798
74.84187807162613,87.92300238871124
67.69936760510491,61.240035299753586
66.85344968471233,56.43775483803227
76.44944203430187,88.73860450722638
57.49761526061996,54.54609699104394
86.11951355010389,121.40083253069682
65.86080685980369,50.00122388522094
63.15032156233114,50.483479285973054
51.51015368310706,38.86924962673956
81.60785102189084,105.43739425593805
63.64428677689805,57.184100613498664
93.33558881216265,344.5948113667632
90.13548479179872,203.03084760083254
50.68365582182008,33.81312703220161
61.39290379552453,60.015224009971845
70.89407673939981,62.65184062297493
76.75573826947829,95.2733450512375
53.20404309470072,36.1454195117668
52.80165515052472,49.0103473553325
55.53025535160262,40.5756335759364
92.21305413144532,226.6254879440402
76.46139674747006,68.30182689802257
66.26463166771921,50.20514999146195
89.38112126255102,169.22124500297835
78.81409360469291,100.6407512999662
72.45089030508018,82.98373120089644
62.715420995223695,46.77050919512711
56.28934529112216,37.354845032920174
62.15122549355541,59.148365411582404
55.86182911078189,47.59231736249855
91.74026377073152,229.66421762414927
83.0218262864216,97.93130753383424
58.78846942144983,50.65231904352313
69.64865868411832,66.35770829758737
83.4946982414751,103.96487745368864
58.3149828762864,45.24847287267439
85.8579657701961,130.21453197652116
87.24231380102535,133.2584652601746
66.80589372180094,72.297488314266
89.30302040254936,163.1159845587582
91.64667550962335,260.0956566380615
85.10654916757794,119.46556705207676
64.31468890645068,50.101597149857376
93.13395826480104,319.53371756779956
52.23726011242579,49.56084834590242
91.44234652857983,238.84329986595625
86.01755019082546,158.61141062645547
73.76616741645455,70.29094755326909
97.42769726597938,854.2405634039255
82.72375749477253,117.09174451070326
62.73628980441652,54.80153720640079
89.15052847431035,169.17020203214918
58.4673599973523,44.88106125910392
70.72786933064533,69.74955988400608
61.632228460679585,42.433171136908406
88.11117185169546,176.14067908040045
75.21006034605281,94.8580476529809
59.03518763112692,45.05797505070949
68.69269038264521,62.34500993582168
96.8844405102507,672.8226850052856
62.58102300048382,48.60814930722986
60.065202938590666,55.33740447515329
74.70323362397221,84.07431579984933
77.90741198123052,93.41197770118549
66.77279589997143,65.0125109785199
96.96575246359671,664.5975769400193
76.43914465743116,73.13746478165712
57.74085651943339,54.20750616967529
75.13713737734113,95.04227713735551
60.54158796711867,44.89213302070043
59.394194655851166,55.65501076248623
65.66602829532482,56.04063690386979
57.854398085644995,48.704851547697345
75.45590406746706,71.66184115912077
92.8247058382784,271.51938889686636
70.54199454614603,79.3221781641346
87.11955079020552,125.76275540955172
81.12427604221054,92.9889285764214
73.69073370971961,88.52117748322303
58.176943119279656,53.72274286816306
83.10029748685098,140.34343319141365
90.41111459022116,171.8486351700169
75.23027522097063,81.91985203480782
92.77343266928048,316.4330733428962
97.85156755318101,788.9973545096458
75.93979598674943,77.17036417608229
67.2951871932304,54.03811439577521
69.83595105836483,78.29357861748578
50.6946583516253,47.439581583923214
67.60176059353932,64.11614471093988
55.88822980667361,36.91659937716014
90.13909665452353,198.1936983020203
63.688712210039235,53.26975544563055
60.814196493105754,57.887793872287524
82.59888981141746,109.61673178427824
88.28611901360368,203.64969891953834
74.61527949382476,90.29687739857742
61.66250779670134,56.30712699302983
84.9211242635998,153.49765777503143
80.57456203213331,84.78779769594269
59.00297074148422,54.82089631988434
98.05619717357598,1123.645902756201
50.963925153225055,39.710145875302736
97.8623104329162,968.4629148201196
80.85874596057407,109.16818660962593
83.82005284735887,112.92096044914219
85.95998398486499,165.40339752640918
68.74031519610739,65.56065998937103
84.4194470161455,114.67994524511182
60.90588156426608,52.67792561658487
67.61098728733634,68.4029972217526
93.82992786804456,294.6849976531548
76.96398660425554,88.814638347218
90.02595227916426,180.15223784740436
51.91741057458188,49.24502699755335
74.47371027713112,88.34339670224792
94.4050552997523,371.6118376869983
88.85508289923192,174.65938465356118
96.35164712652004,442.28536142864635
68.0944711927541,75.11348547216099
67.55895101318158,65.88947220433175
58.242752267137256,53.989908986012516
57.321380939835606,40.51359596691132
52.53887499320902,47.595239928592484
81.8894292185476,103.21971164193089
60.54790388581493,42.65569050816848
77.64217072150778,102.30857809936883
69.85501712033144,72.23184983429313
60.2936290795739,43.60715969251811
87.98069704162572,161.87252470188383
97.20451428381018,709.8026441959154
97.90621362431702,978.714354643621
74.68355688425949,69.14747686162002
84.95210437689703,123.43069156779632
51.59194579777855,39.04956966952539
72.77508230458336,80.9083882690533
92.81661922746129,332.8527062750502
75.56559329802091,87.62866518652295
67.98956144161828,73.21313168769223
69.60870171748067,59.41688098497217
73.42080253143428,78.09681926081728
66.07545412250586,64.24861075728097
66.8695594152239,66.07926957533091
74.98166209214187,90.53207795494443
50.69704795845803,34.03484794244761
96.71059274215641,675.0136871421458
95.57441814008456,448.1225774252639
52.81919881989884,38.7031098508141
90.56424038424447,231.50153468467525
75.18354501732017,85.87435553799264
68.99960307256457,69.41456714109188
57.20889081509017,42.988024998726196
86.41301953025975,150.6742642095693
79.44876043824559,114.04987677298116
73.60986059532085,79.17259376872013
62.82231364117696,62.54544644866769
79.29876655427054,78.06326211963858
50.86859269665539,37.27095800646556
62.36209372285539,46.66306490382715
67.47467641305887,58.434097715990475
72.2843083578971,81.40476143843199
53.24657568462533,48.85942557739538
77.62073783062658,96.52876978485511
51.271291027984,35.0120953329571
66.11781622765321,70.51737518103185
72.97162156349363,65.05048211847806
69.38897576261654,52.73288590895882
65.29622767666115,54.30818584611795
76.0759458665417,98.10416886730962
77.25138837776349,79.51467998979538
80.55092166246797,94.17773924957002
51.15887694778674,43.30852336291921
55.285366196387045,39.88512544908898
89.2251373003744,160.5870384789527
83.05532093863238,130.04219502587213
60.79208114754129,59.35326198105164
67.55043297683811,50.63662300459598
81.1576471131732,89.70872745243658
67.62792731161258,63.73485926809898
81.4640863729653,113.39017266806027
58.81968877039425,45.64392703023149
54.11078953871912,37.25227273544258
84.76969822086772,136.8769856867866
82.86394548104936,94.44795959475323
87.48863478214861,172.49816567747047
74.48529114367113,65.7912973515419
68.12676994343995,54.141812870949735
84.31887189148182,141.3382133478866
72.0607251077409,85.45647569137269
90.9828732915466,217.9665373420274
92.18905619602407,206.77478913929446
68.77258571889455,73.34981414981213
67.54570271504473,56.739867145506295
95.58297598502821,537.6431809654828
93.5969072292161,338.4579816701424
95.13630569883685,421.9561825952078
94.63136916694707,305.10943349944876
68.89997365328998,61.9363455120218
78.64177163087808,105.79112375156747
89.93587482755679,217.2531985507446
82.39518122453883,101.03954994256476
77.61209888530527,106.26440719457099
79.71819413564046,98.40075213903538
62.78552163565101,53.874009722462034
76.06499318452806,78.79718703860075
93.87484264755133,313.91563489554994
93.7523759881043,317.94228624399864
85.82972358911583,114.88220244443245
54.998701834680205,42.28706477678177
56.52017064609696,49.426308884706465
52.11464438181876,36.18719430909567
60.8534008047835,42.068388548473386
55.59661977794629,50.83591237589179
87.23601753145388,154.9462230839467
50.32018251160982,40.633491224314525
83.11633700032408,129.314755973922
53.96162250554865,49.8743767442921
72.1027607450016,72.45038542381604
78.09947969061098,80.88179247041795
63.37097657016139,45.769346430997366
51.157089762516236,38.899151082336395
88.75268479107577,174.53585165673152
57.238617504154846,44.675529586869146
93.5673218323275,347.0079112776637
52.76534015480298,39.4804231115222
65.2350204573696,66.03030900962209
60.02530732058453,59.97596567381454
96.85254184278828,676.7568388047562
74.72636977556252,75.7183412139405
52.55710221396663,45.63145171350674
78.9185561574777,112.90767730959735
61.258806275927434,48.811435376405974
72.4763339329739,83.93560232024699
60.616943115776486,55.05163402989866
66.8738168771066,72.00558844943446
56.534438929314724,50.244141242819204
60.7383338613403,59.85183405341874
86.37485984204314,130.50074414117137
52.171997901461594,45.85234892361783
61.99502778338438,43.65070299360328
71.21096910515307,76.41780001422875
64.82107816519654,60.290441601560794
56.31428098985689,52.53188116678963
84.28908244729072,119.22397466486606
69.94088460816153,67.88694139367259
75.9787797670083,78.14959678451824
71.8279702691752,82.8582814258607
91.68201173542559,229.01695110106994
56.895771741160715,48.70278301683479
88.4242334099546,152.47369236145633
88.74550150485187,194.2902993887137
78.67906562082905,111.21023916892584
78.74078279461631,98.84614652920973
52.74090974394853,46.48557186591103
91.73290250880963,197.92005369015365
82.56464796392473,130.93201162864628
74.89181433306322,77.05099101558127
88.1098421980324,154.99551523226356
73.71176176724327,88.4454017275567
54.04758601021913,48.71161264823786
89.59082591219523,228.0274261489363
56.75511971271862,39.55867654850758
84.21530523716173,109.19023388212338
84.79066787685886,105.65630638076682
62.65674715755348,57.11302425372258
56.37049087862085,53.37899996966732
75.72587004254257,75.52801874171577
82.55951581934222,113.29669535773337
98.43046088747138,1085.8446572183636
77.51735010202414,76.41032187563951
76.50769717053791,80.30525992419985
78.04882747903596,95.60735084248908
67.18173929265998,69.95344513351252
94.12033310334436,374.670115353396
96.65265131326838,647.1790558935912
80.88803851639663,117.36224012249995
53.049958146541485,38.042634665799085
54.67470671426346,49.50597165511383
92.66503361149904,231.7887874036298
76.45196694405192,101.73658542318475
62.42950947212703,45.74275322779946
75.30484487330102,79.18716046881894
77.8842421487198,76.27499944385711
56.57552476314432,49.375798010780564
86.66259044807751,153.86632581058302
92.45144419955335,296.01442257078844
78.53674373013462,91.52903389180989
87.71138181725952,145.16675256140118
58.948807756235155,53.17826579343539
81.71911720687277,93.13717230803472
90.30129162591255,174.57187909195503
81.88578095779384,109.31301785420233
69.56685527602832,59.1810474248415
82.4814655917949,129.806012697544
76.67887895962542,86.56316500049553
85.86874056899174,145.11111098380727
79.01670109412291,105.92963111252664
98.81910186745787,1692.9539404226553
88.70481314723555,196.80838830451296
79.57816275609295,99.63494722805953
53.40396312493709,41.75007205648096
68.82362425155964,52.02443110298313
80.84505793005816,97.20594614729644
55.76202587654351,38.406187319564985
88.85517926289708,154.6762355627573
60.35679648636647,53.26788918504988
92.258105600655,253.08561878973885
72.26338817994841,75.7022399813659
68.17807184702703,51.00340121843482
91.89494611156157,270.09549024157485
93.4581590324439,256.57676622452396
78.9492597798973,96.89773703773828
86.33464341062013,120.61569301969415
89.51456910905127,153.08432032649884
87.0221998452401,140.4240756058634
82.80699911349423,101.32656976734232
74.62171086257558,75.52552797140179
54.39362015428908,38.10779815695088
67.43265915032988,49.4962850664274
92.2711053206534,268.6315536533042
57.00867331085032,48.14609375859485
83.65877608803399,121.81569525751489
86.08093408191517,159.58182781390312
65.60095235879804,65.4953191926009
74.61220097513063,83.58329102838269
69.81805511469184,75.2461968783537
63.476918299631315,48.56503511105732
72.76512518076123,78.07871974332568
89.97590531907184,163.25796848638828
82.97957815165351,102.34325655670379
84.83824522077953,133.85087187997988
50.098190419750374,35.613371599741875
80.0246630741694,85.86278509155122
87.2111308771546,126.61439762068294
58.317312539114226,56.801009024288
76.44561103675656,89.76622869488281
58.74746342364126,49.679992098791274
68.14398708580411,70.37028022387803
70.46040576691287,67.56055633701845
84.62496854036216,150.98224310697557
56.126431311252276,36.81903924442299
87.43848798300216,172.97643666375822
68.61444308564597,70.2327788042471
83.37444345888245,137.56029528048876
77.3102122611603,104.73178928842495
81.67946594060052,120.52445649986413
73.9501867255075,71.3799236111152
79.90397338109705,89.67169209855938
80.14962267733165,109.45593874732266
58.47411884505762,53.96658052636982
52.856688848828995,47.119465420417825
90.62275286568526,204.58467868008572
65.28757385783092,68.86431600454954
67.79298766443956,61.73208869035326
69.89964756226607,64.77901912652888
95.04785040249315,426.0988907349098
69.89928665235561,70.70744569194488
73.67893935650184,76.47729790592007
61.695256377230834,58.976865803321864
77.02902395072925,90.32678102672155
51.63730240131955,33.44166194142609
94.4890472514211,408.1096044407729
80.01430457274581,111.65945738778477
50.63380292745732,38.36822958171687
55.565489880565934,40.267858646784624
53.780715372250434,39.1199517478774
71.89202449007158,81.08429679238128
72.92262365587123,70.20858481795308
68.9704493213334,63.44110980709011
65.49291118710698,59.98157600612453
76.68623332571254,96.76715834907921
69.11952932942324,56.16787309225668
53.84762715375578,43.74616571371169
61.708979970883185,46.820335513130736
86.93631568824118,134.23391873760588
71.8232598336229,62.9587609181432
93.22572605329711,318.22617764027586
83.6472629890253,141.73108512820747
96.12782357562986,480.46227660590193
87.01667077955217,152.07173330703864
96.7790054225796,602.060220561952
91.13560276054974,190.1398732982918
90.09212638756227,179.79400081451772
96.6655859060904,540.2737113857909
52.7906044760859,40.67766782083863
50.860798695171994,41.49038487887162
95.33922045461128,469.373102492178
79.13445498986708,112.86056983268827
76.94745915265509,94.51900383501393
88.73364875506364,188.7422118616352
80.55082421574757,103.94487775254751
64.02054797711642,45.6525102964344
78.0537771158196,98.20400769651424
56.2687009551211,53.35435256797549
74.05558620708868,80.7839439534423
64.70739359783073,48.158576060689605
61.08169723478144,57.322420051411115
90.22692651783247,191.7225326850779
77.31431062194171,100.37857945196441
88.58948104492055,160.5723674034977
64.58042725605017,53.34144698706274
77.80868904675489,105.14901038843843
71.18781132506935,71.38853448040399
66.5654373479085,65.01098923268724
93.64455020852098,292.873283710301
57.506024345592465,52.94629634993352
74.03472768809924,89.27922185218107
62.33600154041812,59.82819025398314
74.23290507385578,64.78390708209245
50.120690185195116,39.5340146082833
86.59395400182524,140.01001717302833
84.5594735462976,133.9194523570639
76.42177699186462,95.17132711165874
98.67470805414487,1508.6956708733755
52.71701186359745,49.41792499057123
58.84392359318175,47.87038537908476
57.6907973239129,38.69444052258877
69.68967322726235,73.01711317640101
59.94988261686069,53.89075669461758
62.79780720286071,56.34215156906115
90.15001789736793,174.10079993699398
53.130035016165856,48.903929098302335
71.5325133633752,82.7060715361247
61.5098177918543,60.368105599941345
69.79293463163894,76.20303726360721
75.280266820951,67.70410086087543
72.76841660327813,67.36419181534923
53.12164735437893,35.680568017349465
77.4132908970352,103.1625937436648
95.49347882542835,504.09775830624653
70.8749436699402,59.415195457734434
66.0896015373164,54.227968594374126
93.16322703610113,336.15177644163043
64.6014194698136,66.93911988555584
65.04842695866132,67.58336299594241
56.89470444094991,37.8392364245258
87.40711564426563,174.6484821288856
54.250009319037204,42.29906402447836
67.82226968098374,63.6369220078683
71.31608399605477,59.75091100623473
57.10818159714677,53.1853110329291
64.5284006725115,66.28407162932471
84.71732761696605,112.99855781603844
91.70480019988914,219.69302150287433
85.80540871278892,138.41406517012965
59.48308232074196,47.84398162427429
72.41630408495845,67.27555393158553
50.05047722371524,33.083520079810945
98.37947717031466,1235.8057515304156
58.12842654855802,42.43458542487222
50.354274511613184,35.69414603408373
87.30238909023483,163.2038038081133
67.58642883843152,59.63825803175613
77.63467195446893,73.83579613670258
78.66090313383253,82.07638774064975
98.80163163551697,1755.750568507547
60.89792031546706,50.762812158674386
93.9080139590055,305.288597654558
96.61524451147065,537.262890339914
94.21383619102059,413.17719791497314
54.32598519773036,49.90174942147032
87.00792426038534,173.45863003714686
63.48608952054447,64.06643298079214
79.32258954527765,88.40366942612184
65.36018574931948,67.74165562597535
64.49964875809277,67.05781905804015
59.892119127052204,52.97295580396521
63.34521685459944,48.46081363173865
81.350452522445,98.45968521515485
58.279455895866676,51.19884025788115
53.41563558757232,46.96314987841348
87.19947169901829,179.44033961391412
55.47513636395156,39.02850178263091
87.94229656604189,153.71227031224194
83.45134224842592,132.70760978255146
60.10892945653785,45.748439922586385
62.75054641849025,50.812487617530444
95.84501788699488,546.739619527136
90.80326294295955,195.10717689333455
57.12844881336583,50.98343203650346
87.56173742221327,165.16125414738863
90.3381192257275,176.38861442496574
50.67072072465917,34.95263202214378
68.99728878722054,69.20124239660204
75.66883753165554,69.89136737391108
70.1865654779016,72.54923543386565
63.4173619095634,52.01541325073513
93.48825509270944,260.6592398398531
57.95637704007678,53.64369965181558
79.05030229359444,83.48521207259488
56.30590838191847,51.01007526483048
90.71093269391999,249.45458892281636
54.511137927860744,48.319870275903234
57.47957840761197,51.24626995441057
90.74402921398843,175.47729123252248
91.32187969342307,203.71223675445094
52.607343481526925,34.8548584720659
64.38080183665103,50.96233151653424
77.23912351746162,78.26833609986488
63.61362799632446,56.25765794842383
52.07356668404353,46.27190381124554
57.56602786971875,48.547616159457796
60.505839764393045,42.36977065081914
56.84442171363631,49.6807570457184
67.07622464678992,57.960060096835655
79.01358579244693,95.45299381966538
80.3153510470424,96.07426629601218
80.37351379674914,83.05348013287912
82.43051890031987,119.98755555622415
68.29722049290213,62.457729518815135
82.45352454686055,107.99444276696259
60.628470675129456,59.98324645880105
89.0748155133009,201.6680658789911
85.64879169838397,145.76442934878042
86.54362427195974,159.76271076593045
93.28163267856273,296.397778574942
97.92502113360648,1152.9568329985257
78.24884281051676,76.39234492224048
78.91977902651095,82.82253362934433
78.19080551863614,77.76091801949795
97.24275963237561,861.9076443993057
80.3082220629418,88.33032222749335
79.93555333717937,102.71489802495483
84.96037508598836,151.40512119487283
92.23712057800547,265.9908027071797
94.61893257832199,394.22950473897316
62.09526197744643,62.961474848382345
67.82710288100941,58.83191310500995
95.40602466192452,482.59330963206224
81.60394340990374,108.59563920287334
82.1147245108642,107.06128929636697
70.0333623113405,69.92333882590829
53.78344781062896,51.62740675973039
83.73116485902032,131.22444832100504
84.10759343230058,124.76475975927985
96.66253141607999,666.2643390573004
92.55703560631518,306.463809955796
53.07245027868539,43.38519273505389
61.19108669749546,57.92538834453924
56.03315482041792,37.69623366387201
88.19521458273817,166.41402442936305
97.84350635954438,1003.6957689828313
72.66617166627492,62.10762613479249
53.960617471815794,37.01315743975581
73.48675106398956,86.70929317856057
95.82163151856446,386.8006929745957
55.643994764467294,48.40915361417338
96.14652746978865,434.65096196404085
54.955527797184324,48.48907765990027
66.5271586699905,65.03609563657325
72.32472345882923,64.34440089048256
59.70806582831241,51.88120221312717
92.58498055143127,321.2327775512807
77.69375698046197,79.41006299371145
58.46861617892684,39.66790979090438
50.19321880234449,44.61664041886863
56.54367791171821,49.43293271978601
67.91673664132767,50.65299433761189
67.29663812110108,52.03357493874231
70.89540871305961,68.03003858522216
61.06411843304843,43.520926962663005
62.10785932057964,58.10897866911641
81.44563984034703,104.93937152753305
77.59880720152795,98.05975529983077
64.95573867158313,49.136412110148285
61.66350830714532,51.15612339254211
51.42023361739123,40.31668644550195
61.549758840115906,57.45566306062194
60.67529391569851,44.420792296223034
98.9172066665829,1902.7944444580928
79.39871856608487,86.21540756914638
55.01405081852052,48.860084655510114
75.57046601735306,66.03996444771909
70.87876390778922,75.41892491044617
87.12355055859507,172.23001125289824
78.90457504405,112.2803569623187
77.65401030383366,85.92980599509225
84.15955613450437,129.5346290953836
76.41579428556689,79.92903372174084
64.609023364481,64.32910812200889
65.00934269722786,63.09637118766584
94.80961177969404,443.1250571189435
70.69557778441988,61.39826783430359
53.081919547520016,46.306173808300265
68.85600607181293,70.3954810931566
68.63174863354418,66.52598538924676
82.16722757240814,125.20246843110883
59.61173098255408,48.207768944083746
83.36676119408733,129.9867750906095
68.65696317607782,60.09847011823052
57.670549011061844,53.60497651274831
65.06945816465966,67.49436797941352
78.85394334501387,104.19644456977957
58.746666704058036,54.37287363729466
85.01335120185077,117.45311852781425
88.30398541082573,195.924031198462
77.35263221702907,104.58078668154857
64.41516855795552,55.71408838577087
65.90368496550458,58.136632412735594
76.82622454075847,86.52361144342098
66.52416727761883,50.160552615204
66.99951295738705,65.22626670989737
93.5860013067307,274.54459234839044
58.3433929746793,52.47416336321079
62.46944923437624,54.43417310313826
